travel_date,line,total_records,avg_arrival_delay,max_arrival_delay
2024-07-08,RE25,157,6.96,36.0
2024-07-08,RE85,89,5.34,22.0
2024-07-08,10b,129,5.09,40.0
2024-07-08,RB82,62,4.65,40.0
2024-07-08,96,158,4.58,33.0
2024-07-08,27,1319,4.57,36.0
2024-07-08,RE18,291,4.52,33.0
2024-07-08,RE98,243,4.01,44.0
2024-07-08,18,969,3.72,37.0
2024-07-08,92,55,3.56,28.0
2024-07-08,EM24,245,3.4,36.0
2024-07-08,66,115,3.31,32.0
2024-07-08,RB93,172,3.19,30.0
2024-07-08,RB17,176,2.76,18.0
2024-07-08,10a,126,2.74,25.0
2024-07-08,RE4,173,2.73,47.0
2024-07-08,55,584,2.69,37.0
2024-07-08,RE10,301,2.68,108.0
2024-07-08,13,1769,2.5,61.0
2024-07-08,RE99,203,2.49,50.0
2024-07-08,76,172,2.45,12.0
2024-07-08,61,621,2.4,20.0
2024-07-08,75,648,2.4,38.0
2024-07-08,RE3,284,2.4,42.0
2024-07-08,RB31,537,2.39,22.0
2024-07-08,RE22,107,2.33,60.0
2024-07-08,67,724,2.28,41.0
2024-07-08,50,1266,2.27,34.0
2024-07-08,19,2724,2.25,38.0
2024-07-08,11,4030,2.24,90.0
2024-07-08,29,44,2.23,19.0
2024-07-08,43,249,2.18,40.0
2024-07-08,S7,848,2.16,23.0
2024-07-08,51,1374,2.15,45.0
2024-07-08,69,358,2.1,20.0
2024-07-08,79,158,2.07,15.0
2024-07-08,68,943,2.05,41.0
2024-07-08,35,304,2.02,41.0
2024-07-08,L7,31,2.0,18.0
2024-07-08,17,473,2.0,25.0
2024-07-08,32,738,1.98,55.0
2024-07-08,14b,78,1.97,20.0
2024-07-08,14a,185,1.87,20.0
2024-07-08,6,16297,1.87,48.0
2024-07-08,53,644,1.87,27.0
2024-07-08,54,297,1.85,20.0
2024-07-08,RS1,360,1.83,52.0
2024-07-08,70,1051,1.76,33.0
2024-07-08,7,10463,1.75,42.0
2024-07-08,10,1203,1.7,64.0
2024-07-08,12,2552,1.7,25.0
2024-07-08,26,3204,1.69,66.0
2024-07-08,89,745,1.69,30.0
2024-07-08,20,1950,1.66,159.0
2024-07-08,RE19,756,1.64,20.0
2024-07-08,4,10121,1.64,58.0
2024-07-08,65,522,1.63,24.0
2024-07-08,RE59,99,1.62,40.0
2024-07-08,S5,311,1.62,16.0
2024-07-08,63,332,1.61,17.0
2024-07-08,113,68,1.59,19.0
2024-07-08,87,1022,1.58,20.0
2024-07-08,38,485,1.57,39.0
2024-07-08,RE2,563,1.55,18.0
2024-07-08,34,465,1.55,14.0
2024-07-08,71,804,1.54,20.0
2024-07-08,33,2085,1.52,40.0
2024-07-08,80,760,1.5,19.0
2024-07-08,30,1776,1.49,58.0
2024-07-08,RE5,437,1.49,13.0
2024-07-08,93,32,1.47,11.0
2024-07-08,90,473,1.46,19.0
2024-07-08,60,1320,1.46,50.0
2024-07-08,RB40,344,1.46,24.0
2024-07-08,RB46,191,1.45,18.0
2024-07-08,RS7,147,1.45,22.0
2024-07-08,RE60,423,1.43,64.0
2024-07-08,RB47,40,1.43,57.0
2024-07-08,8,13590,1.4,49.0
2024-07-08,81,651,1.39,17.0
2024-07-08,17c,340,1.39,14.0
2024-07-08,RE16,204,1.33,9.0
2024-07-08,14,831,1.32,31.0
2024-07-08,56,246,1.31,32.0
2024-07-08,RB41,1090,1.31,35.0
2024-07-08,RE14,390,1.27,17.0
2024-07-08,59,333,1.26,58.0
2024-07-08,9,8987,1.26,63.0
2024-07-08,RB77,225,1.26,36.0
2024-07-08,RE15,302,1.25,15.0
2024-07-08,3,22912,1.23,53.0
2024-07-08,48,968,1.23,30.0
2024-07-08,2,24187,1.22,41.0
2024-07-08,15,198,1.2,29.0
2024-07-08,RE83,381,1.19,24.0
2024-07-08,RB68,55,1.16,9.0
2024-07-08,1,46121,1.16,57.0
2024-07-08,RE44,98,1.15,10.0
2024-07-08,91,189,1.14,25.0
2024-07-08,642S,80,1.11,13.0
2024-07-08,28,954,1.11,28.0
2024-07-08,RB58,1179,1.07,25.0
2024-07-08,62,256,1.07,25.0
2024-07-08,RB2,178,1.07,20.0
2024-07-08,49,501,1.05,10.0
2024-07-08,44,214,1.05,19.0
2024-07-08,40,830,1.04,18.0
2024-07-08,RB86,63,1.03,12.0
2024-07-08,57,177,1.02,15.0
2024-07-08,RB61,421,1.01,13.0
2024-07-08,22,1019,1.01,10.0
2024-07-08,RB15,515,1.01,17.0
2024-07-08,31,664,1.01,35.0
2024-07-08,74,344,1.0,17.0
2024-07-08,RB43,216,1.0,15.0
2024-07-08,23,991,0.98,29.0
2024-07-08,16,1591,0.97,23.0
2024-07-08,64,166,0.96,14.0
2024-07-08,RB69,128,0.95,17.0
2024-07-08,RB35,357,0.94,11.0
2024-07-08,RB54,377,0.93,10.0
2024-07-08,RB10,552,0.93,16.0
2024-07-08,RB81,256,0.91,12.0
2024-07-08,5X,295,0.91,14.0
2024-07-08,52,75,0.89,6.0
2024-07-08,RB20,254,0.85,30.0
2024-07-08,RB51,126,0.84,15.0
2024-07-08,17a,805,0.83,14.0
2024-07-08,RB34,81,0.83,20.0
2024-07-08,RB84,290,0.83,17.0
2024-07-08,5,14062,0.82,46.0
2024-07-08,RS3,244,0.81,30.0
2024-07-08,RE70,481,0.81,15.0
2024-07-08,RB75,647,0.81,28.0
2024-07-08,RB73,74,0.8,25.0
2024-07-08,72,177,0.79,16.0
2024-07-08,RB91,374,0.78,17.0
2024-07-08,21,576,0.77,23.0
2024-07-08,RB49,402,0.75,30.0
2024-07-08,42,6068,0.73,46.0
2024-07-08,37,128,0.72,22.0
2024-07-08,RE1,269,0.72,15.0
2024-07-08,RB26,86,0.72,7.0
2024-07-08,S6,889,0.71,35.0
2024-07-08,82,265,0.71,11.0
2024-07-08,RB99,55,0.69,5.0
2024-07-08,24,553,0.69,12.0
2024-07-08,110,190,0.69,12.0
2024-07-08,25,3500,0.68,32.0
2024-07-08,RB55,206,0.67,7.0
2024-07-08,RS71,85,0.67,6.0
2024-07-08,36,130,0.67,9.0
2024-07-08,RB23,268,0.67,9.0
2024-07-08,83,291,0.66,7.0
2024-07-08,RE50,171,0.57,13.0
2024-07-08,RB97,125,0.57,7.0
2024-07-08,RB67,415,0.56,7.0
2024-07-08,S4,39,0.56,11.0
2024-07-08,RS5,146,0.56,5.0
2024-07-08,73,707,0.55,24.0
2024-07-08,RB71,241,0.55,8.0
2024-07-08,RB60,315,0.54,10.0
2024-07-08,RS51,46,0.54,4.0
2024-07-08,RB24,270,0.54,6.0
2024-07-08,C15,28,0.54,4.0
2024-07-08,RB95,45,0.53,16.0
2024-07-08,RB56,292,0.53,6.0
2024-07-08,RB42,130,0.52,8.0
2024-07-08,86,404,0.5,15.0
2024-07-08,RS2,371,0.5,14.0
2024-07-08,RB83,73,0.48,6.0
2024-07-08,78,87,0.48,6.0
2024-07-08,RE74,116,0.46,7.0
2024-07-08,RB66,195,0.46,13.0
2024-07-08,RB57,287,0.45,7.0
2024-07-08,RB39,47,0.45,13.0
2024-07-08,RB13,354,0.44,12.0
2024-07-08,S2,188,0.43,5.0
2024-07-08,RB98,30,0.43,7.0
2024-07-08,RB96,54,0.41,7.0
2024-07-08,RE12,30,0.4,12.0
2024-07-08,77,110,0.39,6.0
2024-07-08,RB90,266,0.37,9.0
2024-07-08,45,1688,0.36,40.0
2024-07-08,39,143,0.36,9.0
2024-07-08,S9,83,0.36,15.0
2024-07-08,RB74,57,0.32,7.0
2024-07-08,C14,36,0.31,5.0
2024-07-08,RE30,192,0.31,9.0
2024-07-08,94,30,0.3,2.0
2024-07-08,RB27,125,0.3,7.0
2024-07-08,U28,42,0.26,2.0
2024-07-08,41,5373,0.24,23.0
2024-07-08,RB25,96,0.24,3.0
2024-07-08,RB14,30,0.23,3.0
2024-07-08,46,2759,0.21,10.0
2024-07-08,97,42,0.19,2.0
2024-07-08,47,359,0.19,7.0
2024-07-08,RB21,50,0.18,2.0
2024-07-08,85,1986,0.17,13.0
2024-07-08,RS21,137,0.16,2.0
2024-07-08,RE9,26,0.15,1.0
2024-07-08,RB63,23,0.13,2.0
2024-07-08,RB1,32,0.13,2.0
2024-07-08,RE34,33,0.12,4.0
2024-07-08,RB45,197,0.11,5.0
2024-07-08,RB59,33,0.09,1.0
2024-07-08,RB12,64,0.08,5.0
2024-07-08,RB29,29,0.07,1.0
2024-07-08,200,37,0.03,1.0
2024-07-08,EV,1703,0.03,25.0
2024-07-08,RB33,63,0.02,1.0
2024-07-08,RE57,70,0.0,0.0
2024-07-08,S1,101,0.0,0.0
2024-07-08,RB50,37,0.0,0.0
2024-07-08,S3,50,0.0,0.0
2024-07-08,S3A,21,0.0,0.0
2024-07-08,RE17,68,0.0,0.0
2024-07-08,RB52,41,0.0,0.0
2024-07-08,EV22A,30,0.0,0.0
2024-07-08,S62,79,0.0,0.0
2024-07-08,RE24,31,0.0,0.0
2024-07-08,RB110,32,0.0,0.0
2024-07-08,RB4,35,0.0,0.0
2024-07-08,RB92,29,0.0,0.0
2024-07-09,RE25,159,8.51,58.0
2024-07-09,RB91,395,8.46,60.0
2024-07-09,34,451,6.05,72.0
2024-07-09,RE16,205,5.36,36.0
2024-07-09,RE18,280,4.87,31.0
2024-07-09,56,252,4.77,50.0
2024-07-09,RB93,178,4.75,23.0
2024-07-09,54,312,4.24,33.0
2024-07-09,27,1354,4.1,55.0
2024-07-09,RE85,91,3.89,20.0
2024-07-09,55,584,3.83,54.0
2024-07-09,50,1268,3.82,95.0
2024-07-09,53,654,3.76,49.0
2024-07-09,RE98,245,3.58,40.0
2024-07-09,32,744,3.53,62.0
2024-07-09,76,172,3.46,24.0
2024-07-09,RB82,61,3.38,15.0
2024-07-09,S7,847,3.25,21.0
2024-07-09,66,117,3.19,12.0
2024-07-09,96,158,3.01,31.0
2024-07-09,37,203,3.0,43.0
2024-07-09,RE2,559,2.96,37.0
2024-07-09,29,41,2.93,25.0
2024-07-09,RB31,541,2.87,43.0
2024-07-09,RB17,175,2.86,16.0
2024-07-09,EM24,252,2.82,21.0
2024-07-09,RB68,49,2.69,13.0
2024-07-09,RE70,489,2.64,48.0
2024-07-09,11,4063,2.62,34.0
2024-07-09,51,1397,2.6,57.0
2024-07-09,10a,126,2.52,25.0
2024-07-09,19,2640,2.49,30.0
2024-07-09,RB58,1222,2.46,41.0
2024-07-09,RB51,127,2.35,21.0
2024-07-09,48,965,2.34,29.0
2024-07-09,17,470,2.33,64.0
2024-07-09,49,505,2.31,27.0
2024-07-09,RB40,343,2.29,28.0
2024-07-09,68,955,2.27,33.0
2024-07-09,642S,84,2.27,35.0
2024-07-09,26,3205,2.26,39.0
2024-07-09,67,727,2.21,33.0
2024-07-09,6,16300,2.16,47.0
2024-07-09,60,1293,2.12,35.0
2024-07-09,30,1757,2.08,117.0
2024-07-09,71,796,2.03,50.0
2024-07-09,7,10523,2.01,69.0
2024-07-09,10b,129,1.99,16.0
2024-07-09,RE44,98,1.98,14.0
2024-07-09,18,987,1.98,28.0
2024-07-09,RE5,435,1.97,22.0
2024-07-09,RB59,34,1.97,31.0
2024-07-09,61,618,1.97,80.0
2024-07-09,RB2,176,1.95,24.0
2024-07-09,12,2569,1.93,35.0
2024-07-09,14,843,1.93,24.0
2024-07-09,RB41,1096,1.92,37.0
2024-07-09,RE19,752,1.9,31.0
2024-07-09,35,305,1.86,20.0
2024-07-09,10,1183,1.85,40.0
2024-07-09,70,1060,1.84,24.0
2024-07-09,14b,76,1.83,10.0
2024-07-09,87,1016,1.73,24.0
2024-07-09,31,674,1.73,62.0
2024-07-09,23,997,1.72,32.0
2024-07-09,2,24246,1.72,58.0
2024-07-09,L7,31,1.71,6.0
2024-07-09,13,1780,1.69,53.0
2024-07-09,RE14,268,1.68,15.0
2024-07-09,80,761,1.67,34.0
2024-07-09,90,481,1.67,38.0
2024-07-09,RB75,656,1.66,29.0
2024-07-09,83,293,1.63,20.0
2024-07-09,RE22,112,1.63,50.0
2024-07-09,9,9006,1.62,59.0
2024-07-09,4,10204,1.61,62.0
2024-07-09,16,1591,1.58,73.0
2024-07-09,113,68,1.56,9.0
2024-07-09,38,481,1.56,26.0
2024-07-09,33,2114,1.55,51.0
2024-07-09,RB47,38,1.5,57.0
2024-07-09,69,354,1.49,21.0
2024-07-09,RB97,126,1.48,18.0
2024-07-09,92,55,1.47,11.0
2024-07-09,RE10,299,1.47,22.0
2024-07-09,62,284,1.45,140.0
2024-07-09,75,665,1.44,24.0
2024-07-09,RB43,216,1.43,17.0
2024-07-09,RB46,229,1.43,23.0
2024-07-09,5X,300,1.42,15.0
2024-07-09,63,330,1.38,10.0
2024-07-09,77,109,1.38,20.0
2024-07-09,79,154,1.37,10.0
2024-07-09,1,46611,1.35,88.0
2024-07-09,14a,194,1.34,11.0
2024-07-09,3,23231,1.33,77.0
2024-07-09,8,13635,1.32,38.0
2024-07-09,86,405,1.28,24.0
2024-07-09,RB20,250,1.26,20.0
2024-07-09,20,1945,1.26,51.0
2024-07-09,40,843,1.24,28.0
2024-07-09,43,254,1.24,28.0
2024-07-09,65,524,1.24,27.0
2024-07-09,RB35,357,1.17,10.0
2024-07-09,22,1026,1.17,22.0
2024-07-09,81,638,1.16,13.0
2024-07-09,RE99,205,1.15,35.0
2024-07-09,74,350,1.15,21.0
2024-07-09,57,176,1.15,19.0
2024-07-09,RB24,271,1.15,43.0
2024-07-09,RB42,138,1.14,12.0
2024-07-09,RE4,152,1.13,18.0
2024-07-09,64,159,1.13,13.0
2024-07-09,89,739,1.07,19.0
2024-07-09,RB34,88,1.06,8.0
2024-07-09,52,78,1.05,8.0
2024-07-09,RE3,285,1.05,20.0
2024-07-09,93,32,1.03,4.0
2024-07-09,RB66,194,0.99,17.0
2024-07-09,RB10,560,0.96,19.0
2024-07-09,RS7,149,0.96,9.0
2024-07-09,21,580,0.96,43.0
2024-07-09,25,3506,0.96,49.0
2024-07-09,S5,311,0.95,10.0
2024-07-09,24,553,0.95,14.0
2024-07-09,RB54,378,0.95,11.0
2024-07-09,RE50,171,0.95,12.0
2024-07-09,17c,348,0.94,12.0
2024-07-09,RS51,46,0.91,5.0
2024-07-09,15,196,0.9,20.0
2024-07-09,RS3,201,0.89,34.0
2024-07-09,RB81,246,0.89,11.0
2024-07-09,RE60,424,0.88,19.0
2024-07-09,RE83,376,0.88,23.0
2024-07-09,RB67,418,0.87,18.0
2024-07-09,78,86,0.85,13.0
2024-07-09,39,150,0.83,19.0
2024-07-09,RB15,503,0.82,16.0
2024-07-09,RB84,288,0.81,20.0
2024-07-09,82,265,0.81,10.0
2024-07-09,RE74,120,0.8,12.0
2024-07-09,RE15,302,0.79,23.0
2024-07-09,17a,811,0.78,31.0
2024-07-09,RS2,370,0.78,16.0
2024-07-09,5,14339,0.77,50.0
2024-07-09,RB86,51,0.73,10.0
2024-07-09,RB99,56,0.7,6.0
2024-07-09,RS71,85,0.67,4.0
2024-07-09,S6,894,0.67,17.0
2024-07-09,RS5,139,0.67,8.0
2024-07-09,91,187,0.66,9.0
2024-07-09,S2,188,0.65,9.0
2024-07-09,73,708,0.65,18.0
2024-07-09,RB83,73,0.64,7.0
2024-07-09,RB26,86,0.64,9.0
2024-07-09,59,333,0.62,10.0
2024-07-09,RB61,420,0.61,15.0
2024-07-09,42,6059,0.6,21.0
2024-07-09,RB55,208,0.6,5.0
2024-07-09,44,215,0.57,6.0
2024-07-09,RB23,268,0.56,6.0
2024-07-09,RS30,110,0.55,12.0
2024-07-09,RB56,298,0.54,8.0
2024-07-09,RB49,403,0.54,14.0
2024-07-09,RB45,197,0.53,17.0
2024-07-09,RB21,51,0.53,4.0
2024-07-09,RB57,292,0.53,8.0
2024-07-09,RB39,47,0.53,13.0
2024-07-09,47,357,0.52,30.0
2024-07-09,RB71,240,0.52,11.0
2024-07-09,RB74,57,0.49,5.0
2024-07-09,RB25,96,0.49,10.0
2024-07-09,RB77,223,0.49,13.0
2024-07-09,RB95,46,0.48,7.0
2024-07-09,RB90,267,0.46,10.0
2024-07-09,RB27,89,0.46,11.0
2024-07-09,110,191,0.45,5.0
2024-07-09,RB13,354,0.44,9.0
2024-07-09,28,1298,0.43,30.0
2024-07-09,S9,83,0.42,22.0
2024-07-09,RB60,312,0.42,10.0
2024-07-09,RS21,137,0.4,5.0
2024-07-09,72,178,0.4,7.0
2024-07-09,46,2754,0.4,16.0
2024-07-09,41,5377,0.39,51.0
2024-07-09,RB29,31,0.39,7.0
2024-07-09,RE9,26,0.38,4.0
2024-07-09,RB63,24,0.38,4.0
2024-07-09,RB14,30,0.37,2.0
2024-07-09,RB69,125,0.37,7.0
2024-07-09,94,30,0.37,4.0
2024-07-09,U28,43,0.37,2.0
2024-07-09,RS1,360,0.34,7.0
2024-07-09,RB96,54,0.33,6.0
2024-07-09,45,1699,0.33,11.0
2024-07-09,S4,36,0.33,6.0
2024-07-09,36,133,0.32,6.0
2024-07-09,RE34,34,0.32,6.0
2024-07-09,RE30,191,0.26,7.0
2024-07-09,RB73,73,0.25,6.0
2024-07-09,RE1,266,0.23,13.0
2024-07-09,85,1987,0.18,19.0
2024-07-09,S3,58,0.16,9.0
2024-07-09,RE59,99,0.15,3.0
2024-07-09,97,44,0.14,1.0
2024-07-09,RB1,32,0.13,2.0
2024-07-09,RS4,113,0.12,2.0
2024-07-09,200,36,0.11,4.0
2024-07-09,C14,36,0.08,2.0
2024-07-09,C15,26,0.08,1.0
2024-07-09,S19,56,0.07,1.0
2024-07-09,EV,1519,0.03,25.0
2024-07-09,RB50,37,0.0,0.0
2024-07-09,RB92,29,0.0,0.0
2024-07-09,RB98,29,0.0,0.0
2024-07-09,S62,79,0.0,0.0
2024-07-09,RB33,36,0.0,0.0
2024-07-09,RB12,64,0.0,0.0
2024-07-09,RB4,35,0.0,0.0
2024-07-09,RE57,70,0.0,0.0
2024-07-09,RE24,30,0.0,0.0
2024-07-09,RB110,32,0.0,0.0
2024-07-09,RE17,68,0.0,0.0
2024-07-09,EV22A,30,0.0,0.0
2024-07-09,RB52,41,0.0,0.0
2024-07-09,RE12,30,0.0,0.0
2024-07-09,S1,101,0.0,0.0
2024-07-10,RE25,159,7.62,38.0
2024-07-10,27,1336,6.15,133.0
2024-07-10,67,737,5.35,47.0
2024-07-10,68,963,5.12,47.0
2024-07-10,10b,129,4.8,19.0
2024-07-10,RB68,49,4.78,29.0
2024-07-10,RB17,176,4.78,33.0
2024-07-10,50,1325,4.77,42.0
2024-07-10,RB82,61,4.62,30.0
2024-07-10,RB31,541,4.39,41.0
2024-07-10,RE18,279,4.34,43.0
2024-07-10,S7,840,4.2,44.0
2024-07-10,RE60,426,4.1,33.0
2024-07-10,EM24,255,4.07,66.0
2024-07-10,32,737,3.93,35.0
2024-07-10,54,293,3.84,37.0
2024-07-10,34,459,3.76,56.0
2024-07-10,RB60,309,3.73,45.0
2024-07-10,RE85,92,3.73,21.0
2024-07-10,RB56,303,3.67,39.0
2024-07-10,RB93,181,3.67,18.0
2024-07-10,RB57,297,3.65,39.0
2024-07-10,55,558,3.53,57.0
2024-07-10,14,844,3.49,55.0
2024-07-10,18,984,3.47,36.0
2024-07-10,53,656,3.43,48.0
2024-07-10,51,1422,3.27,39.0
2024-07-10,RE16,204,2.92,19.0
2024-07-10,10,1186,2.88,120.0
2024-07-10,RB55,212,2.8,34.0
2024-07-10,RE2,558,2.78,63.0
2024-07-10,L7,32,2.78,25.0
2024-07-10,RB61,423,2.78,77.0
2024-07-10,66,116,2.78,11.0
2024-07-10,RE44,98,2.59,34.0
2024-07-10,61,624,2.58,49.0
2024-07-10,S5,306,2.58,27.0
2024-07-10,49,505,2.58,33.0
2024-07-10,RE5,449,2.56,50.0
2024-07-10,RE19,754,2.54,41.0
2024-07-10,29,43,2.49,15.0
2024-07-10,26,3218,2.33,33.0
2024-07-10,63,329,2.31,41.0
2024-07-10,RB35,348,2.26,23.0
2024-07-10,17,472,2.21,64.0
2024-07-10,30,1777,2.09,116.0
2024-07-10,70,1071,2.08,28.0
2024-07-10,RE3,285,2.07,30.0
2024-07-10,90,488,2.06,50.0
2024-07-10,RB41,1098,2.03,39.0
2024-07-10,10a,126,2.02,16.0
2024-07-10,35,301,1.99,25.0
2024-07-10,RE34,33,1.97,13.0
2024-07-10,14b,77,1.94,18.0
2024-07-10,65,526,1.93,30.0
2024-07-10,76,169,1.92,12.0
2024-07-10,RB99,56,1.89,19.0
2024-07-10,92,55,1.84,9.0
2024-07-10,6,16444,1.84,44.0
2024-07-10,RE98,245,1.83,30.0
2024-07-10,96,158,1.82,32.0
2024-07-10,RB58,1188,1.81,47.0
2024-07-10,16,1541,1.81,70.0
2024-07-10,5X,311,1.81,19.0
2024-07-10,11,4048,1.79,23.0
2024-07-10,RB40,345,1.77,37.0
2024-07-10,22,1048,1.76,49.0
2024-07-10,7,10711,1.76,90.0
2024-07-10,81,648,1.75,20.0
2024-07-10,RE1,265,1.72,44.0
2024-07-10,RE50,171,1.72,17.0
2024-07-10,44,214,1.67,29.0
2024-07-10,RB77,224,1.65,36.0
2024-07-10,64,164,1.65,17.0
2024-07-10,14a,193,1.64,18.0
2024-07-10,75,668,1.64,42.0
2024-07-10,71,790,1.62,23.0
2024-07-10,4,9615,1.57,70.0
2024-07-10,8,13802,1.56,74.0
2024-07-10,37,204,1.55,41.0
2024-07-10,RB51,125,1.54,28.0
2024-07-10,RE4,154,1.51,30.0
2024-07-10,40,850,1.51,34.0
2024-07-10,33,2109,1.49,47.0
2024-07-10,RE15,302,1.48,54.0
2024-07-10,74,350,1.47,34.0
2024-07-10,20,1946,1.45,41.0
2024-07-10,RB15,510,1.45,20.0
2024-07-10,RS7,149,1.44,10.0
2024-07-10,38,484,1.39,38.0
2024-07-10,RB63,28,1.39,9.0
2024-07-10,80,754,1.38,35.0
2024-07-10,RE99,203,1.38,30.0
2024-07-10,9,9079,1.37,41.0
2024-07-10,3,23791,1.37,83.0
2024-07-10,2,24586,1.37,50.0
2024-07-10,12,2584,1.37,35.0
2024-07-10,62,286,1.37,60.0
2024-07-10,19,2623,1.37,18.0
2024-07-10,RB10,553,1.37,26.0
2024-07-10,RB86,61,1.36,11.0
2024-07-10,RB43,214,1.31,39.0
2024-07-10,69,365,1.3,19.0
2024-07-10,48,969,1.27,17.0
2024-07-10,RE70,489,1.27,35.0
2024-07-10,59,334,1.24,13.0
2024-07-10,56,264,1.23,15.0
2024-07-10,24,555,1.21,38.0
2024-07-10,15,199,1.2,15.0
2024-07-10,23,999,1.19,20.0
2024-07-10,31,674,1.18,22.0
2024-07-10,RB59,33,1.15,9.0
2024-07-10,RB24,272,1.14,21.0
2024-07-10,1,47244,1.13,79.0
2024-07-10,RB34,87,1.13,10.0
2024-07-10,28,965,1.13,56.0
2024-07-10,U28,45,1.11,10.0
2024-07-10,60,1315,1.11,14.0
2024-07-10,83,295,1.09,20.0
2024-07-10,13,1767,1.08,25.0
2024-07-10,RE14,268,1.08,17.0
2024-07-10,RE83,360,1.06,25.0
2024-07-10,93,32,1.06,5.0
2024-07-10,87,1032,1.05,14.0
2024-07-10,RS1,360,1.05,45.0
2024-07-10,RB46,226,1.03,15.0
2024-07-10,17c,343,1.03,7.0
2024-07-10,5,14144,1.03,58.0
2024-07-10,RS71,86,1.02,10.0
2024-07-10,57,181,1.01,11.0
2024-07-10,RB49,406,1.0,53.0
2024-07-10,RB67,411,1.0,20.0
2024-07-10,RB27,97,0.99,19.0
2024-07-10,79,155,0.99,9.0
2024-07-10,25,3590,0.93,43.0
2024-07-10,RB97,125,0.93,24.0
2024-07-10,21,579,0.92,23.0
2024-07-10,43,256,0.91,9.0
2024-07-10,78,86,0.87,6.0
2024-07-10,RB26,86,0.86,8.0
2024-07-10,17a,823,0.85,19.0
2024-07-10,S6,885,0.85,19.0
2024-07-10,RB23,273,0.82,25.0
2024-07-10,RB73,73,0.81,15.0
2024-07-10,RB95,46,0.8,13.0
2024-07-10,RB75,658,0.78,13.0
2024-07-10,RB96,54,0.78,16.0
2024-07-10,RB81,247,0.78,11.0
2024-07-10,91,187,0.78,14.0
2024-07-10,RB54,383,0.77,12.0
2024-07-10,52,90,0.77,5.0
2024-07-10,RB21,54,0.76,4.0
2024-07-10,RB2,177,0.75,8.0
2024-07-10,42,6184,0.74,20.0
2024-07-10,RS2,368,0.72,27.0
2024-07-10,89,751,0.72,11.0
2024-07-10,RE10,298,0.7,15.0
2024-07-10,RS5,142,0.69,8.0
2024-07-10,RB91,375,0.67,17.0
2024-07-10,RE22,112,0.67,9.0
2024-07-10,113,68,0.66,6.0
2024-07-10,RE30,191,0.63,12.0
2024-07-10,S2,188,0.62,18.0
2024-07-10,82,269,0.62,8.0
2024-07-10,RB90,269,0.61,14.0
2024-07-10,RB66,196,0.59,13.0
2024-07-10,39,147,0.56,9.0
2024-07-10,86,406,0.55,8.0
2024-07-10,S9,92,0.55,17.0
2024-07-10,RB42,135,0.54,10.0
2024-07-10,RB20,251,0.53,5.0
2024-07-10,97,38,0.53,8.0
2024-07-10,RB13,354,0.52,8.0
2024-07-10,RB84,269,0.52,9.0
2024-07-10,73,704,0.49,13.0
2024-07-10,RS3,200,0.48,16.0
2024-07-10,94,30,0.47,5.0
2024-07-10,47,357,0.47,18.0
2024-07-10,36,130,0.41,14.0
2024-07-10,RB71,238,0.4,7.0
2024-07-10,RB45,198,0.39,8.0
2024-07-10,72,185,0.38,8.0
2024-07-10,110,190,0.38,5.0
2024-07-10,77,110,0.38,21.0
2024-07-10,46,2843,0.36,15.0
2024-07-10,RB74,58,0.36,5.0
2024-07-10,RB69,124,0.35,7.0
2024-07-10,45,1700,0.35,30.0
2024-07-10,RE74,120,0.35,7.0
2024-07-10,RB25,96,0.33,3.0
2024-07-10,RE59,99,0.33,8.0
2024-07-10,RB12,64,0.31,10.0
2024-07-10,RS4,119,0.3,10.0
2024-07-10,S4,35,0.29,3.0
2024-07-10,RB1,32,0.28,4.0
2024-07-10,RS30,109,0.28,5.0
2024-07-10,RB14,30,0.27,2.0
2024-07-10,41,5483,0.26,29.0
2024-07-10,85,1981,0.24,8.0
2024-07-10,RS21,136,0.19,2.0
2024-07-10,RB39,47,0.19,5.0
2024-07-10,S19,54,0.17,5.0
2024-07-10,RB98,31,0.16,4.0
2024-07-10,C15,25,0.12,2.0
2024-07-10,RE24,30,0.1,2.0
2024-07-10,200,37,0.08,3.0
2024-07-10,C14,36,0.08,3.0
2024-07-10,RS51,45,0.07,2.0
2024-07-10,RB29,31,0.06,1.0
2024-07-10,RB83,73,0.03,1.0
2024-07-10,EV,1553,0.02,5.0
2024-07-10,RE57,70,0.0,0.0
2024-07-10,EV22A,30,0.0,0.0
2024-07-10,RB33,36,0.0,0.0
2024-07-10,S1,99,0.0,0.0
2024-07-10,RE17,68,0.0,0.0
2024-07-10,RB4,35,0.0,0.0
2024-07-10,S3,51,0.0,0.0
2024-07-10,RE12,30,0.0,0.0
2024-07-10,RB47,40,0.0,0.0
2024-07-10,RB50,37,0.0,0.0
2024-07-10,S62,78,0.0,0.0
2024-07-10,RB52,41,0.0,0.0
2024-07-10,RB92,29,0.0,0.0
2024-07-10,RB110,32,0.0,0.0
2024-07-10,RE9,26,0.0,0.0
2024-07-11,RB93,169,7.29,59.0
2024-07-11,10b,129,5.88,49.0
2024-07-11,RE25,156,5.59,37.0
2024-07-11,RE5,439,5.59,59.0
2024-07-11,18,978,5.46,45.0
2024-07-11,RB17,175,4.54,44.0
2024-07-11,RB82,61,4.26,59.0
2024-07-11,32,751,4.01,47.0
2024-07-11,63,335,3.94,31.0
2024-07-11,RE85,89,3.63,21.0
2024-07-11,50,1268,3.49,78.0
2024-07-11,RE2,546,3.34,36.0
2024-07-11,53,649,3.2,46.0
2024-07-11,27,1342,3.09,27.0
2024-07-11,RB31,536,3.08,29.0
2024-07-11,EM24,270,3.03,31.0
2024-07-11,26,3219,2.96,46.0
2024-07-11,55,554,2.9,44.0
2024-07-11,RE14,281,2.88,30.0
2024-07-11,54,290,2.84,29.0
2024-07-11,76,169,2.63,21.0
2024-07-11,68,964,2.6,57.0
2024-07-11,RE70,489,2.55,59.0
2024-07-11,66,116,2.49,11.0
2024-07-11,71,797,2.48,69.0
2024-07-11,96,159,2.46,18.0
2024-07-11,RB51,130,2.43,41.0
2024-07-11,10a,126,2.25,32.0
2024-07-11,16,1564,2.24,59.0
2024-07-11,S7,855,2.18,16.0
2024-07-11,51,1385,2.18,36.0
2024-07-11,30,1771,2.16,79.0
2024-07-11,RB34,85,2.16,21.0
2024-07-11,93,32,2.13,20.0
2024-07-11,10,1199,2.1,34.0
2024-07-11,67,742,2.08,42.0
2024-07-11,RE19,756,2.02,29.0
2024-07-11,70,1046,2.01,41.0
2024-07-11,48,961,2.0,45.0
2024-07-11,90,477,1.98,51.0
2024-07-11,RB90,264,1.98,81.0
2024-07-11,RB58,1213,1.97,43.0
2024-07-11,RE98,245,1.93,28.0
2024-07-11,34,471,1.9,30.0
2024-07-11,RE15,305,1.86,22.0
2024-07-11,17,485,1.84,34.0
2024-07-11,RE44,98,1.83,28.0
2024-07-11,57,190,1.82,31.0
2024-07-11,60,1321,1.8,40.0
2024-07-11,19,2651,1.78,44.0
2024-07-11,14b,76,1.78,16.0
2024-07-11,33,2085,1.73,45.0
2024-07-11,RE99,202,1.71,22.0
2024-07-11,RB35,357,1.68,11.0
2024-07-11,35,312,1.68,27.0
2024-07-11,RB68,54,1.67,12.0
2024-07-11,6,16412,1.67,36.0
2024-07-11,80,755,1.66,29.0
2024-07-11,79,161,1.66,24.0
2024-07-11,RE18,287,1.63,51.0
2024-07-11,14a,191,1.6,16.0
2024-07-11,61,625,1.58,24.0
2024-07-11,65,520,1.58,27.0
2024-07-11,12,2584,1.57,38.0
2024-07-11,52,87,1.56,28.0
2024-07-11,75,669,1.56,39.0
2024-07-11,7,10684,1.54,59.0
2024-07-11,14,836,1.52,20.0
2024-07-11,4,9607,1.49,50.0
2024-07-11,31,668,1.49,35.0
2024-07-11,40,839,1.4,33.0
2024-07-11,RE22,109,1.4,17.0
2024-07-11,22,1055,1.39,46.0
2024-07-11,23,994,1.38,16.0
2024-07-11,91,187,1.34,37.0
2024-07-11,2,24425,1.33,58.0
2024-07-11,9,9003,1.32,63.0
2024-07-11,81,646,1.31,13.0
2024-07-11,RB81,257,1.31,18.0
2024-07-11,RB24,271,1.3,21.0
2024-07-11,37,194,1.29,17.0
2024-07-11,20,1972,1.28,61.0
2024-07-11,87,1017,1.27,22.0
2024-07-11,17c,342,1.24,18.0
2024-07-11,3,23378,1.24,84.0
2024-07-11,89,748,1.22,29.0
2024-07-11,8,13807,1.22,36.0
2024-07-11,RB75,658,1.19,21.0
2024-07-11,RB27,88,1.19,23.0
2024-07-11,38,482,1.18,14.0
2024-07-11,74,340,1.18,19.0
2024-07-11,RS7,151,1.17,17.0
2024-07-11,RS71,85,1.16,10.0
2024-07-11,1,46868,1.16,60.0
2024-07-11,RE16,202,1.15,12.0
2024-07-11,RB73,71,1.15,15.0
2024-07-11,69,363,1.14,13.0
2024-07-11,77,109,1.14,18.0
2024-07-11,RB77,229,1.14,21.0
2024-07-11,86,405,1.14,53.0
2024-07-11,L7,32,1.13,14.0
2024-07-11,24,543,1.11,15.0
2024-07-11,49,501,1.1,13.0
2024-07-11,RE60,428,1.09,12.0
2024-07-11,13,1768,1.08,20.0
2024-07-11,RB43,211,1.07,26.0
2024-07-11,RB66,199,1.07,26.0
2024-07-11,RB46,224,1.03,17.0
2024-07-11,RE34,34,1.03,10.0
2024-07-11,44,210,1.0,25.0
2024-07-11,RE10,300,1.0,20.0
2024-07-11,11,4015,0.99,35.0
2024-07-11,64,164,0.99,10.0
2024-07-11,83,295,0.98,26.0
2024-07-11,RE3,284,0.97,22.0
2024-07-11,RB41,1096,0.95,37.0
2024-07-11,RB40,345,0.95,18.0
2024-07-11,56,253,0.95,11.0
2024-07-11,15,195,0.95,26.0
2024-07-11,25,3600,0.93,30.0
2024-07-11,S5,292,0.93,28.0
2024-07-11,RB15,509,0.92,14.0
2024-07-11,21,576,0.91,16.0
2024-07-11,17a,825,0.89,15.0
2024-07-11,RE50,171,0.89,30.0
2024-07-11,82,272,0.88,26.0
2024-07-11,RB55,210,0.88,10.0
2024-07-11,RB26,86,0.88,10.0
2024-07-11,RB97,124,0.88,13.0
2024-07-11,43,257,0.86,19.0
2024-07-11,RE74,121,0.86,9.0
2024-07-11,RE83,346,0.85,20.0
2024-07-11,RB42,126,0.8,21.0
2024-07-11,5,13978,0.8,77.0
2024-07-11,RB74,59,0.8,8.0
2024-07-11,92,55,0.78,6.0
2024-07-11,RB56,297,0.77,10.0
2024-07-11,5X,321,0.76,8.0
2024-07-11,RB1,32,0.75,21.0
2024-07-11,RB67,416,0.74,10.0
2024-07-11,RB99,56,0.73,7.0
2024-07-11,RB20,249,0.73,19.0
2024-07-11,RS51,47,0.72,3.0
2024-07-11,S2,188,0.71,8.0
2024-07-11,RB25,101,0.7,5.0
2024-07-11,U28,40,0.7,6.0
2024-07-11,59,337,0.66,10.0
2024-07-11,RB57,291,0.66,10.0
2024-07-11,S19,47,0.66,17.0
2024-07-11,RB2,177,0.65,5.0
2024-07-11,29,39,0.62,6.0
2024-07-11,RS5,140,0.61,4.0
2024-07-11,72,187,0.61,11.0
2024-07-11,28,957,0.61,19.0
2024-07-11,RB84,266,0.58,23.0
2024-07-11,RB83,73,0.58,8.0
2024-07-11,RE1,260,0.57,16.0
2024-07-11,113,68,0.57,4.0
2024-07-11,RB96,54,0.56,5.0
2024-07-11,RB13,354,0.54,10.0
2024-07-11,S4,35,0.54,5.0
2024-07-11,RB23,269,0.54,7.0
2024-07-11,RE4,154,0.53,15.0
2024-07-11,RB10,533,0.52,10.0
2024-07-11,RB49,404,0.51,12.0
2024-07-11,42,6163,0.5,55.0
2024-07-11,36,127,0.49,9.0
2024-07-11,78,86,0.49,5.0
2024-07-11,C13,34,0.47,7.0
2024-07-11,S6,878,0.46,19.0
2024-07-11,RS2,367,0.44,13.0
2024-07-11,73,707,0.44,9.0
2024-07-11,RB86,56,0.43,5.0
2024-07-11,62,284,0.41,8.0
2024-07-11,RB91,374,0.41,3.0
2024-07-11,RB69,122,0.4,9.0
2024-07-11,RB60,308,0.39,8.0
2024-07-11,39,148,0.39,8.0
2024-07-11,94,30,0.37,3.0
2024-07-11,RB95,46,0.37,7.0
2024-07-11,RB71,241,0.37,7.0
2024-07-11,S9,95,0.36,9.0
2024-07-11,47,358,0.35,21.0
2024-07-11,RB61,419,0.34,10.0
2024-07-11,RB45,199,0.33,10.0
2024-07-11,RB14,30,0.33,4.0
2024-07-11,45,1694,0.3,20.0
2024-07-11,RB63,26,0.27,3.0
2024-07-11,46,2845,0.27,16.0
2024-07-11,RE30,191,0.24,9.0
2024-07-11,RS3,204,0.23,4.0
2024-07-11,RB39,47,0.23,3.0
2024-07-11,110,190,0.21,3.0
2024-07-11,RS21,137,0.2,2.0
2024-07-11,RS1,360,0.18,3.0
2024-07-11,RB12,64,0.17,7.0
2024-07-11,C15,25,0.16,2.0
2024-07-11,97,39,0.15,1.0
2024-07-11,85,1975,0.15,8.0
2024-07-11,RB59,33,0.15,1.0
2024-07-11,41,5474,0.14,15.0
2024-07-11,RS4,107,0.14,3.0
2024-07-11,RB54,372,0.14,5.0
2024-07-11,RB21,48,0.13,3.0
2024-07-11,RS30,100,0.12,4.0
2024-07-11,RE59,99,0.1,3.0
2024-07-11,RB29,31,0.1,1.0
2024-07-11,C14,36,0.08,2.0
2024-07-11,EV,1570,0.03,12.0
2024-07-11,RB98,29,0.03,1.0
2024-07-11,RB50,37,0.0,0.0
2024-07-11,RB52,36,0.0,0.0
2024-07-11,RE24,38,0.0,0.0
2024-07-11,RE17,58,0.0,0.0
2024-07-11,S1,103,0.0,0.0
2024-07-11,RB110,32,0.0,0.0
2024-07-11,200,37,0.0,0.0
2024-07-11,S3,52,0.0,0.0
2024-07-11,EV22A,30,0.0,0.0
2024-07-11,S62,78,0.0,0.0
2024-07-11,RE12,30,0.0,0.0
2024-07-11,RB92,29,0.0,0.0
2024-07-11,RE9,26,0.0,0.0
2024-07-11,RB33,36,0.0,0.0
2024-07-11,RB4,35,0.0,0.0
2024-07-11,RB47,37,0.0,0.0
2024-07-11,RE57,66,0.0,0.0
2024-07-12,RE85,91,6.68,28.0
2024-07-12,RE25,160,6.63,51.0
2024-07-12,50,1311,6.32,54.0
2024-07-12,RB82,62,6.29,45.0
2024-07-12,76,178,4.72,34.0
2024-07-12,27,1286,4.09,50.0
2024-07-12,RB17,171,3.95,19.0
2024-07-12,RE5,438,3.75,50.0
2024-07-12,66,117,3.62,29.0
2024-07-12,RB31,539,3.38,45.0
2024-07-12,L7,34,3.32,24.0
2024-07-12,54,297,3.29,28.0
2024-07-12,RE44,98,3.24,27.0
2024-07-12,RE4,132,3.2,25.0
2024-07-12,56,262,3.13,29.0
2024-07-12,55,555,3.01,57.0
2024-07-12,EM24,264,2.79,45.0
2024-07-12,RE70,502,2.59,52.0
2024-07-12,26,3205,2.49,42.0
2024-07-12,51,1391,2.46,58.0
2024-07-12,RB40,343,2.44,30.0
2024-07-12,RB51,123,2.44,33.0
2024-07-12,17,461,2.41,40.0
2024-07-12,61,626,2.41,22.0
2024-07-12,RB58,1183,2.38,78.0
2024-07-12,RE59,99,2.38,48.0
2024-07-12,RB1,32,2.34,20.0
2024-07-12,19,2648,2.34,37.0
2024-07-12,RS5,142,2.33,39.0
2024-07-12,RB93,178,2.28,22.0
2024-07-12,32,741,2.26,29.0
2024-07-12,67,744,2.23,29.0
2024-07-12,RB60,313,2.23,43.0
2024-07-12,RS51,47,2.23,50.0
2024-07-12,6,16458,2.18,69.0
2024-07-12,RB67,420,2.17,21.0
2024-07-12,17c,351,2.16,24.0
2024-07-12,RE98,242,2.14,32.0
2024-07-12,70,1082,2.13,34.0
2024-07-12,96,157,2.09,17.0
2024-07-12,7,10521,2.07,42.0
2024-07-12,RB29,33,2.06,26.0
2024-07-12,68,970,2.06,25.0
2024-07-12,RE2,555,2.04,47.0
2024-07-12,75,671,1.96,33.0
2024-07-12,RB86,68,1.96,19.0
2024-07-12,18,984,1.96,33.0
2024-07-12,4,9474,1.94,38.0
2024-07-12,RE18,280,1.93,34.0
2024-07-12,RB68,46,1.91,12.0
2024-07-12,30,1741,1.9,113.0
2024-07-12,8,13575,1.89,44.0
2024-07-12,90,483,1.89,29.0
2024-07-12,79,157,1.88,30.0
2024-07-12,RB74,55,1.76,21.0
2024-07-12,RE50,171,1.75,35.0
2024-07-12,RB41,1095,1.72,30.0
2024-07-12,35,314,1.71,20.0
2024-07-12,53,636,1.7,24.0
2024-07-12,63,330,1.7,17.0
2024-07-12,10b,129,1.66,10.0
2024-07-12,34,465,1.64,19.0
2024-07-12,40,860,1.63,38.0
2024-07-12,14,846,1.61,31.0
2024-07-12,65,526,1.6,25.0
2024-07-12,S7,848,1.56,20.0
2024-07-12,RE3,281,1.56,21.0
2024-07-12,33,2090,1.56,30.0
2024-07-12,49,515,1.54,14.0
2024-07-12,87,990,1.49,17.0
2024-07-12,78,87,1.49,15.0
2024-07-12,RB75,659,1.47,31.0
2024-07-12,2,24267,1.45,58.0
2024-07-12,22,1057,1.44,21.0
2024-07-12,10a,125,1.43,9.0
2024-07-12,RE34,33,1.42,6.0
2024-07-12,17a,814,1.4,21.0
2024-07-12,RE60,427,1.39,21.0
2024-07-12,74,341,1.39,30.0
2024-07-12,80,768,1.36,29.0
2024-07-12,92,55,1.36,8.0
2024-07-12,57,176,1.36,16.0
2024-07-12,71,800,1.35,17.0
2024-07-12,3,23131,1.35,61.0
2024-07-12,14a,194,1.35,18.0
2024-07-12,83,293,1.35,23.0
2024-07-12,14b,78,1.32,7.0
2024-07-12,69,363,1.32,11.0
2024-07-12,9,9002,1.32,45.0
2024-07-12,RS7,151,1.32,16.0
2024-07-12,RB81,247,1.31,13.0
2024-07-12,48,971,1.31,11.0
2024-07-12,RB61,418,1.3,68.0
2024-07-12,10,1207,1.28,26.0
2024-07-12,23,997,1.27,42.0
2024-07-12,RE19,755,1.25,22.0
2024-07-12,RB54,342,1.24,11.0
2024-07-12,1,46346,1.24,109.0
2024-07-12,38,491,1.23,22.0
2024-07-12,RB46,211,1.21,11.0
2024-07-12,RE1,261,1.21,29.0
2024-07-12,60,1342,1.2,20.0
2024-07-12,U28,43,1.19,11.0
2024-07-12,RE14,269,1.18,10.0
2024-07-12,81,724,1.16,11.0
2024-07-12,RE15,304,1.15,12.0
2024-07-12,12,2582,1.12,24.0
2024-07-12,RB35,360,1.11,12.0
2024-07-12,RB23,269,1.11,13.0
2024-07-12,11,4042,1.1,19.0
2024-07-12,89,741,1.1,19.0
2024-07-12,RB43,210,1.1,18.0
2024-07-12,16,1578,1.07,38.0
2024-07-12,20,1989,1.05,37.0
2024-07-12,RE16,199,1.05,15.0
2024-07-12,RE74,120,1.04,21.0
2024-07-12,86,407,1.04,16.0
2024-07-12,93,32,1.03,5.0
2024-07-12,24,563,1.02,24.0
2024-07-12,21,574,1.02,24.0
2024-07-12,RE99,203,1.02,24.0
2024-07-12,64,161,1.01,13.0
2024-07-12,RB97,124,0.99,8.0
2024-07-12,RB15,513,0.99,41.0
2024-07-12,44,208,0.98,16.0
2024-07-12,52,82,0.96,9.0
2024-07-12,72,181,0.96,22.0
2024-07-12,RB57,294,0.96,36.0
2024-07-12,S2,192,0.94,9.0
2024-07-12,RB56,300,0.94,36.0
2024-07-12,110,190,0.92,10.0
2024-07-12,37,196,0.92,14.0
2024-07-12,RB42,125,0.91,18.0
2024-07-12,RB55,209,0.91,9.0
2024-07-12,13,1762,0.89,43.0
2024-07-12,RB90,261,0.88,31.0
2024-07-12,S6,938,0.87,21.0
2024-07-12,43,261,0.86,13.0
2024-07-12,RE22,106,0.84,12.0
2024-07-12,RB34,87,0.84,18.0
2024-07-12,RB66,204,0.8,10.0
2024-07-12,5,13662,0.77,43.0
2024-07-12,31,699,0.75,12.0
2024-07-12,113,68,0.75,4.0
2024-07-12,RB24,272,0.74,11.0
2024-07-12,S5,314,0.72,8.0
2024-07-12,RB71,241,0.71,9.0
2024-07-12,RB49,405,0.71,30.0
2024-07-12,5X,314,0.7,10.0
2024-07-12,RB20,250,0.69,10.0
2024-07-12,RS71,85,0.68,5.0
2024-07-12,RB10,555,0.68,9.0
2024-07-12,91,183,0.67,9.0
2024-07-12,82,264,0.66,9.0
2024-07-12,25,3491,0.65,14.0
2024-07-12,RE83,371,0.65,16.0
2024-07-12,RB26,86,0.65,8.0
2024-07-12,RB21,48,0.65,4.0
2024-07-12,62,282,0.64,25.0
2024-07-12,RB91,387,0.63,9.0
2024-07-12,RB77,228,0.63,10.0
2024-07-12,28,974,0.63,28.0
2024-07-12,RB45,198,0.62,14.0
2024-07-12,RE10,295,0.62,12.0
2024-07-12,RB2,182,0.61,6.0
2024-07-12,59,334,0.6,14.0
2024-07-12,S4,36,0.58,4.0
2024-07-12,73,707,0.55,12.0
2024-07-12,RB84,277,0.55,30.0
2024-07-12,C13,38,0.55,7.0
2024-07-12,42,6050,0.53,22.0
2024-07-12,RB13,354,0.51,7.0
2024-07-12,RB69,125,0.5,10.0
2024-07-12,RB73,74,0.47,12.0
2024-07-12,RB14,34,0.47,4.0
2024-07-12,97,43,0.47,4.0
2024-07-12,RB25,104,0.45,6.0
2024-07-12,15,195,0.44,6.0
2024-07-12,RB99,56,0.43,4.0
2024-07-12,RE30,191,0.43,17.0
2024-07-12,RS30,112,0.42,9.0
2024-07-12,RS2,364,0.41,12.0
2024-07-12,RS3,202,0.38,8.0
2024-07-12,RB27,118,0.37,9.0
2024-07-12,RB59,33,0.36,4.0
2024-07-12,RS21,137,0.36,6.0
2024-07-12,S9,89,0.36,7.0
2024-07-12,RB83,72,0.33,4.0
2024-07-12,46,2764,0.33,21.0
2024-07-12,94,30,0.33,3.0
2024-07-12,77,111,0.32,6.0
2024-07-12,RB63,27,0.3,6.0
2024-07-12,39,140,0.3,16.0
2024-07-12,47,355,0.27,30.0
2024-07-12,45,1696,0.27,9.0
2024-07-12,RS1,364,0.26,9.0
2024-07-12,S19,52,0.25,5.0
2024-07-12,RB12,64,0.23,10.0
2024-07-12,36,131,0.22,3.0
2024-07-12,29,41,0.2,2.0
2024-07-12,RB39,51,0.2,7.0
2024-07-12,RB95,46,0.2,4.0
2024-07-12,85,1981,0.18,24.0
2024-07-12,41,5346,0.15,14.0
2024-07-12,RB47,40,0.13,5.0
2024-07-12,RS4,119,0.12,3.0
2024-07-12,RB33,36,0.11,4.0
2024-07-12,RB96,54,0.11,5.0
2024-07-12,C14,36,0.08,3.0
2024-07-12,C15,26,0.08,2.0
2024-07-12,200,38,0.03,1.0
2024-07-12,RB98,32,0.03,1.0
2024-07-12,EV,1607,0.02,8.0
2024-07-12,RE12,30,0.0,0.0
2024-07-12,RB92,29,0.0,0.0
2024-07-12,RE57,70,0.0,0.0
2024-07-12,RE9,26,0.0,0.0
2024-07-12,RB52,41,0.0,0.0
2024-07-12,RB50,37,0.0,0.0
2024-07-12,RB4,35,0.0,0.0
2024-07-12,S1,104,0.0,0.0
2024-07-12,RB110,32,0.0,0.0
2024-07-12,S3,51,0.0,0.0
2024-07-12,EV22A,30,0.0,0.0
2024-07-12,S62,78,0.0,0.0
2024-07-12,RE17,68,0.0,0.0
2024-07-13,RE5,364,9.29,65.0
2024-07-13,61,602,5.97,110.0
2024-07-13,RE60,418,5.08,41.0
2024-07-13,67,682,4.62,62.0
2024-07-13,RE25,141,4.55,29.0
2024-07-13,10b,122,4.15,25.0
2024-07-13,62,102,4.0,83.0
2024-07-13,RS1,222,3.88,46.0
2024-07-13,68,860,3.8,62.0
2024-07-13,RB54,278,3.43,53.0
2024-07-13,RB38,24,3.38,10.0
2024-07-13,RE85,79,3.3,17.0
2024-07-13,26,2301,3.06,42.0
2024-07-13,10a,105,2.97,29.0
2024-07-13,76,163,2.9,34.0
2024-07-13,90,451,2.82,61.0
2024-07-13,70,951,2.63,40.0
2024-07-13,RB82,58,2.47,14.0
2024-07-13,96,145,2.37,15.0
2024-07-13,66,115,2.29,7.0
2024-07-13,RE70,431,2.15,48.0
2024-07-13,18,935,2.06,42.0
2024-07-13,6,14084,2.05,64.0
2024-07-13,RB17,109,1.91,25.0
2024-07-13,55,447,1.87,29.0
2024-07-13,54,331,1.86,48.0
2024-07-13,RE34,34,1.85,9.0
2024-07-13,RS2,291,1.8,26.0
2024-07-13,32,770,1.78,43.0
2024-07-13,87,793,1.75,35.0
2024-07-13,27,1000,1.65,20.0
2024-07-13,14a,138,1.64,19.0
2024-07-13,60,1060,1.63,37.0
2024-07-13,16,1214,1.63,27.0
2024-07-13,17,407,1.63,17.0
2024-07-13,RE19,676,1.61,16.0
2024-07-13,RB31,460,1.59,19.0
2024-07-13,50,1135,1.58,28.0
2024-07-13,14b,69,1.57,6.0
2024-07-13,L7,21,1.57,9.0
2024-07-13,RE18,371,1.56,17.0
2024-07-13,14,696,1.54,25.0
2024-07-13,80,680,1.47,30.0
2024-07-13,57,171,1.39,18.0
2024-07-13,51,1030,1.34,95.0
2024-07-13,S5,147,1.33,17.0
2024-07-13,94,42,1.33,12.0
2024-07-13,RB63,28,1.32,10.0
2024-07-13,11,3464,1.31,46.0
2024-07-13,7,9895,1.31,55.0
2024-07-13,81,600,1.31,25.0
2024-07-13,EM24,254,1.31,13.0
2024-07-13,RB86,49,1.27,18.0
2024-07-13,RB20,181,1.24,15.0
2024-07-13,2,20579,1.24,53.0
2024-07-13,RE16,178,1.21,12.0
2024-07-13,71,629,1.21,25.0
2024-07-13,39,111,1.2,28.0
2024-07-13,83,272,1.19,17.0
2024-07-13,17c,276,1.19,7.0
2024-07-13,53,506,1.19,17.0
2024-07-13,RB10,484,1.19,31.0
2024-07-13,RE99,180,1.19,14.0
2024-07-13,RB91,372,1.17,29.0
2024-07-13,RE15,302,1.17,19.0
2024-07-13,89,620,1.17,30.0
2024-07-13,8,12240,1.16,60.0
2024-07-13,RB59,39,1.15,11.0
2024-07-13,79,102,1.15,8.0
2024-07-13,12,1943,1.13,31.0
2024-07-13,69,329,1.12,14.0
2024-07-13,4,8937,1.11,133.0
2024-07-13,34,383,1.09,12.0
2024-07-13,19,2518,1.09,40.0
2024-07-13,92,57,1.05,9.0
2024-07-13,65,514,1.03,27.0
2024-07-13,RB73,74,1.03,22.0
2024-07-13,RB15,460,1.03,16.0
2024-07-13,9,8838,1.02,36.0
2024-07-13,33,1931,0.99,18.0
2024-07-13,22,944,0.98,16.0
2024-07-13,48,987,0.97,16.0
2024-07-13,3,20823,0.97,90.0
2024-07-13,S4,32,0.97,12.0
2024-07-13,52,60,0.97,4.0
2024-07-13,93,26,0.96,4.0
2024-07-13,23,684,0.95,19.0
2024-07-13,35,258,0.95,11.0
2024-07-13,1,39153,0.94,53.0
2024-07-13,24,469,0.93,19.0
2024-07-13,RB41,829,0.91,14.0
2024-07-13,21,425,0.91,23.0
2024-07-13,72,152,0.91,25.0
2024-07-13,30,1449,0.9,48.0
2024-07-13,74,322,0.89,13.0
2024-07-13,RE4,101,0.89,23.0
2024-07-13,10,1019,0.86,34.0
2024-07-13,75,615,0.85,11.0
2024-07-13,56,268,0.85,19.0
2024-07-13,RE2,568,0.85,25.0
2024-07-13,17a,736,0.84,7.0
2024-07-13,RB97,118,0.84,10.0
2024-07-13,86,366,0.83,29.0
2024-07-13,RB42,112,0.81,12.0
2024-07-13,31,538,0.81,48.0
2024-07-13,RE12,25,0.8,20.0
2024-07-13,40,708,0.8,26.0
2024-07-13,5,11788,0.77,114.0
2024-07-13,RB75,493,0.76,19.0
2024-07-13,RB58,814,0.74,20.0
2024-07-13,63,288,0.73,10.0
2024-07-13,RB81,181,0.72,8.0
2024-07-13,44,164,0.71,9.0
2024-07-13,RB99,48,0.71,5.0
2024-07-13,RB34,63,0.71,14.0
2024-07-13,42,4764,0.7,110.0
2024-07-13,S7,622,0.69,24.0
2024-07-13,RB2,153,0.69,9.0
2024-07-13,78,91,0.69,6.0
2024-07-13,77,72,0.68,13.0
2024-07-13,28,958,0.66,14.0
2024-07-13,S2,169,0.66,6.0
2024-07-13,38,413,0.66,10.0
2024-07-13,43,185,0.65,27.0
2024-07-13,15,147,0.64,13.0
2024-07-13,RB66,157,0.64,11.0
2024-07-13,64,94,0.63,2.0
2024-07-13,110,88,0.63,7.0
2024-07-13,RB67,322,0.61,14.0
2024-07-13,S6,1131,0.61,21.0
2024-07-13,20,1284,0.6,16.0
2024-07-13,RB68,42,0.6,3.0
2024-07-13,13,1572,0.59,15.0
2024-07-13,25,3558,0.58,33.0
2024-07-13,RB46,121,0.56,10.0
2024-07-13,RE10,225,0.56,10.0
2024-07-13,RB43,159,0.55,7.0
2024-07-13,RB40,295,0.54,11.0
2024-07-13,RS5,125,0.53,7.0
2024-07-13,RE14,241,0.51,6.0
2024-07-13,29,45,0.51,5.0
2024-07-13,C13,38,0.5,4.0
2024-07-13,5X,313,0.49,5.0
2024-07-13,RE50,111,0.49,9.0
2024-07-13,82,239,0.48,6.0
2024-07-13,RB57,329,0.48,15.0
2024-07-13,RB25,73,0.47,7.0
2024-07-13,RB49,279,0.47,13.0
2024-07-13,RE98,213,0.47,14.0
2024-07-13,59,312,0.46,6.0
2024-07-13,RS71,67,0.46,3.0
2024-07-13,RB56,336,0.44,12.0
2024-07-13,RB26,71,0.44,7.0
2024-07-13,RB95,34,0.44,14.0
2024-07-13,RB23,214,0.43,13.0
2024-07-13,91,125,0.42,2.0
2024-07-13,73,645,0.41,24.0
2024-07-13,RB90,209,0.41,5.0
2024-07-13,113,66,0.41,3.0
2024-07-13,RS7,128,0.4,5.0
2024-07-13,RB71,177,0.4,5.0
2024-07-13,RE22,106,0.39,6.0
2024-07-13,37,168,0.38,6.0
2024-07-13,41,4135,0.38,107.0
2024-07-13,RE3,233,0.36,6.0
2024-07-13,RS3,193,0.36,10.0
2024-07-13,RE44,38,0.34,3.0
2024-07-13,RE74,114,0.34,9.0
2024-07-13,RB24,249,0.34,9.0
2024-07-13,47,307,0.34,42.0
2024-07-13,RB13,246,0.33,7.0
2024-07-13,RB55,202,0.33,5.0
2024-07-13,RB93,141,0.32,14.0
2024-07-13,RS51,31,0.32,5.0
2024-07-13,RS21,77,0.31,3.0
2024-07-13,RB35,35,0.31,5.0
2024-07-13,97,35,0.31,3.0
2024-07-13,RB60,257,0.29,22.0
2024-07-13,C15,23,0.26,2.0
2024-07-13,RE83,354,0.26,7.0
2024-07-13,46,2347,0.26,8.0
2024-07-13,RB27,477,0.25,6.0
2024-07-13,RB69,124,0.23,7.0
2024-07-13,RB98,30,0.23,7.0
2024-07-13,RE30,162,0.23,6.0
2024-07-13,RB77,194,0.23,7.0
2024-07-13,RB29,23,0.22,4.0
2024-07-13,45,1618,0.19,7.0
2024-07-13,85,1046,0.18,20.0
2024-07-13,RE1,242,0.17,5.0
2024-07-13,C14,36,0.17,3.0
2024-07-13,RB45,132,0.17,9.0
2024-07-13,RB84,265,0.16,7.0
2024-07-13,RB61,441,0.16,6.0
2024-07-13,36,119,0.15,6.0
2024-07-13,49,67,0.15,2.0
2024-07-13,RS4,113,0.14,3.0
2024-07-13,RS30,103,0.12,5.0
2024-07-13,RB1,30,0.1,3.0
2024-07-13,RB85,21,0.1,1.0
2024-07-13,U28,36,0.06,1.0
2024-07-13,RB74,40,0.05,1.0
2024-07-13,RB39,48,0.02,1.0
2024-07-13,EV,1486,0.02,5.0
2024-07-13,RB96,42,0.0,0.0
2024-07-13,EV22A,20,0.0,0.0
2024-07-13,RE57,68,0.0,0.0
2024-07-13,RB110,42,0.0,0.0
2024-07-13,S9,47,0.0,0.0
2024-07-13,RB12,60,0.0,0.0
2024-07-13,S1,602,0.0,0.0
2024-07-13,RE17,68,0.0,0.0
2024-07-13,S3,50,0.0,0.0
2024-07-13,RB47,39,0.0,0.0
2024-07-13,RB4,20,0.0,0.0
2024-07-13,RB52,39,0.0,0.0
2024-07-13,S62,75,0.0,0.0
2024-07-13,RB50,32,0.0,0.0
2024-07-13,RB33,35,0.0,0.0
2024-07-13,200,38,0.0,0.0
2024-07-14,RB82,57,4.4,28.0
2024-07-14,RE25,140,4.01,33.0
2024-07-14,61,546,3.39,19.0
2024-07-14,RB17,108,3.15,22.0
2024-07-14,66,105,3.11,10.0
2024-07-14,RE85,80,2.99,32.0
2024-07-14,RE5,363,2.98,26.0
2024-07-14,RB91,211,2.86,44.0
2024-07-14,62,82,2.76,45.0
2024-07-14,76,156,2.65,24.0
2024-07-14,34,321,2.63,49.0
2024-07-14,96,147,2.52,18.0
2024-07-14,RB38,25,2.48,11.0
2024-07-14,60,390,2.46,25.0
2024-07-14,97,31,2.42,54.0
2024-07-14,18,900,2.38,33.0
2024-07-14,RB10,443,2.36,56.0
2024-07-14,RE4,98,2.28,28.0
2024-07-14,26,2414,2.27,70.0
2024-07-14,30,1402,2.2,71.0
2024-07-14,68,862,2.03,41.0
2024-07-14,27,955,1.94,34.0
2024-07-14,79,101,1.88,24.0
2024-07-14,EM24,249,1.82,12.0
2024-07-14,10b,121,1.82,10.0
2024-07-14,51,1002,1.82,42.0
2024-07-14,13,1453,1.73,60.0
2024-07-14,RB31,387,1.72,39.0
2024-07-14,77,66,1.7,23.0
2024-07-14,50,1046,1.66,43.0
2024-07-14,57,161,1.59,17.0
2024-07-14,65,467,1.58,37.0
2024-07-14,67,657,1.53,15.0
2024-07-14,5X,311,1.53,20.0
2024-07-14,17c,279,1.51,11.0
2024-07-14,RB67,316,1.51,18.0
2024-07-14,RB75,397,1.5,41.0
2024-07-14,54,339,1.48,21.0
2024-07-14,17,412,1.42,15.0
2024-07-14,RE19,644,1.39,16.0
2024-07-14,14a,115,1.37,10.0
2024-07-14,70,917,1.32,24.0
2024-07-14,74,295,1.27,18.0
2024-07-14,7,9244,1.25,52.0
2024-07-14,32,771,1.25,19.0
2024-07-14,69,295,1.21,13.0
2024-07-14,10,1074,1.2,36.0
2024-07-14,6,12663,1.2,37.0
2024-07-14,14,659,1.2,14.0
2024-07-14,RB97,113,1.19,27.0
2024-07-14,53,488,1.19,29.0
2024-07-14,RE18,332,1.19,19.0
2024-07-14,8,11661,1.17,46.0
2024-07-14,RB15,404,1.14,25.0
2024-07-14,2,19391,1.13,86.0
2024-07-14,93,26,1.12,6.0
2024-07-14,29,44,1.11,12.0
2024-07-14,55,455,1.11,16.0
2024-07-14,RE3,227,1.1,14.0
2024-07-14,80,641,1.1,18.0
2024-07-14,RB58,756,1.08,29.0
2024-07-14,87,774,1.07,21.0
2024-07-14,44,158,1.07,16.0
2024-07-14,16,1232,1.05,71.0
2024-07-14,4,7936,1.05,40.0
2024-07-14,19,1932,1.03,30.0
2024-07-14,23,663,1.0,29.0
2024-07-14,17a,678,1.0,20.0
2024-07-14,28,861,1.0,40.0
2024-07-14,71,571,1.0,23.0
2024-07-14,RE98,207,1.0,30.0
2024-07-14,75,605,0.99,31.0
2024-07-14,52,58,0.97,7.0
2024-07-14,RB43,134,0.96,24.0
2024-07-14,35,234,0.96,22.0
2024-07-14,RE10,227,0.95,27.0
2024-07-14,22,919,0.94,30.0
2024-07-14,RB13,156,0.94,19.0
2024-07-14,15,160,0.92,22.0
2024-07-14,14b,53,0.92,4.0
2024-07-14,92,57,0.91,9.0
2024-07-14,RE60,374,0.9,15.0
2024-07-14,RB41,799,0.9,19.0
2024-07-14,48,808,0.9,22.0
2024-07-14,33,1821,0.89,14.0
2024-07-14,64,82,0.84,23.0
2024-07-14,90,418,0.82,39.0
2024-07-14,3,20282,0.82,47.0
2024-07-14,RB81,190,0.82,24.0
2024-07-14,38,394,0.8,29.0
2024-07-14,10a,105,0.79,7.0
2024-07-14,RB34,60,0.78,10.0
2024-07-14,9,8602,0.74,40.0
2024-07-14,63,193,0.73,13.0
2024-07-14,RB26,67,0.73,9.0
2024-07-14,56,255,0.71,13.0
2024-07-14,RS71,68,0.71,5.0
2024-07-14,RB2,148,0.71,7.0
2024-07-14,RB46,117,0.71,6.0
2024-07-14,40,693,0.7,16.0
2024-07-14,73,438,0.69,28.0
2024-07-14,RB93,107,0.69,10.0
2024-07-14,59,213,0.69,10.0
2024-07-14,RB54,276,0.69,22.0
2024-07-14,S5,222,0.68,10.0
2024-07-14,1,37354,0.68,55.0
2024-07-14,RE70,389,0.68,12.0
2024-07-14,91,124,0.68,5.0
2024-07-14,89,592,0.67,31.0
2024-07-14,RB86,46,0.67,11.0
2024-07-14,72,149,0.65,16.0
2024-07-14,31,503,0.65,27.0
2024-07-14,RE22,98,0.64,9.0
2024-07-14,11,3134,0.63,15.0
2024-07-14,12,1904,0.63,20.0
2024-07-14,21,453,0.62,17.0
2024-07-14,RB85,49,0.61,8.0
2024-07-14,RB99,47,0.6,5.0
2024-07-14,RE2,542,0.59,15.0
2024-07-14,5,11097,0.57,39.0
2024-07-14,RE34,51,0.57,13.0
2024-07-14,81,585,0.56,8.0
2024-07-14,24,463,0.56,10.0
2024-07-14,RE16,164,0.55,12.0
2024-07-14,RB63,24,0.54,4.0
2024-07-14,RB90,191,0.53,10.0
2024-07-14,RS7,127,0.53,9.0
2024-07-14,83,124,0.53,7.0
2024-07-14,RB68,44,0.52,5.0
2024-07-14,RE99,162,0.52,8.0
2024-07-14,RB77,201,0.51,9.0
2024-07-14,RB42,117,0.51,5.0
2024-07-14,S6,901,0.5,12.0
2024-07-14,RB25,67,0.49,9.0
2024-07-14,RB55,210,0.49,10.0
2024-07-14,RE9,21,0.48,10.0
2024-07-14,S4,32,0.47,4.0
2024-07-14,25,3434,0.47,18.0
2024-07-14,20,1214,0.46,14.0
2024-07-14,37,168,0.46,24.0
2024-07-14,82,233,0.45,6.0
2024-07-14,S2,149,0.45,5.0
2024-07-14,RB73,67,0.45,7.0
2024-07-14,RB56,344,0.42,10.0
2024-07-14,RB24,247,0.42,8.0
2024-07-14,RB23,210,0.42,23.0
2024-07-14,RB20,173,0.41,6.0
2024-07-14,85,891,0.41,39.0
2024-07-14,RB57,336,0.4,10.0
2024-07-14,C13,35,0.4,6.0
2024-07-14,RB66,144,0.38,8.0
2024-07-14,RS30,97,0.37,9.0
2024-07-14,42,4854,0.37,23.0
2024-07-14,49,80,0.36,6.0
2024-07-14,RB59,29,0.34,3.0
2024-07-14,RB71,165,0.34,7.0
2024-07-14,113,66,0.33,2.0
2024-07-14,RE83,348,0.32,9.0
2024-07-14,43,177,0.32,8.0
2024-07-14,U28,37,0.3,3.0
2024-07-14,C15,23,0.3,2.0
2024-07-14,S7,578,0.3,7.0
2024-07-14,RE14,126,0.3,4.0
2024-07-14,RB61,424,0.29,12.0
2024-07-14,RE15,265,0.29,8.0
2024-07-14,RB60,250,0.29,7.0
2024-07-14,RE30,158,0.28,14.0
2024-07-14,RS2,265,0.27,7.0
2024-07-14,RS21,75,0.27,4.0
2024-07-14,39,45,0.27,3.0
2024-07-14,46,2644,0.27,10.0
2024-07-14,RE44,36,0.25,2.0
2024-07-14,RB84,248,0.25,11.0
2024-07-14,RB27,502,0.24,14.0
2024-07-14,78,84,0.24,2.0
2024-07-14,RB35,35,0.23,3.0
2024-07-14,RB69,124,0.23,4.0
2024-07-14,RS3,189,0.23,5.0
2024-07-14,45,1476,0.22,10.0
2024-07-14,RB45,125,0.21,12.0
2024-07-14,RB29,20,0.2,2.0
2024-07-14,RE1,207,0.2,15.0
2024-07-14,RB40,270,0.2,8.0
2024-07-14,RS1,206,0.19,5.0
2024-07-14,110,88,0.19,1.0
2024-07-14,RB47,36,0.17,6.0
2024-07-14,RS51,30,0.17,2.0
2024-07-14,RS5,120,0.16,3.0
2024-07-14,RS4,107,0.15,3.0
2024-07-14,RE50,105,0.12,4.0
2024-07-14,41,4229,0.11,6.0
2024-07-14,47,268,0.1,2.0
2024-07-14,36,100,0.09,4.0
2024-07-14,EV,1387,0.08,10.0
2024-07-14,RB49,221,0.07,2.0
2024-07-14,RB1,30,0.07,1.0
2024-07-14,C14,34,0.06,1.0
2024-07-14,RB74,34,0.06,1.0
2024-07-14,RB95,22,0.05,1.0
2024-07-14,S3,52,0.04,2.0
2024-07-14,RB39,42,0.02,1.0
2024-07-14,RE17,60,0.0,0.0
2024-07-14,RB98,29,0.0,0.0
2024-07-14,200,37,0.0,0.0
2024-07-14,RB96,40,0.0,0.0
2024-07-14,86,22,0.0,0.0
2024-07-14,RB52,35,0.0,0.0
2024-07-14,RB50,32,0.0,0.0
2024-07-14,RE57,66,0.0,0.0
2024-07-14,S9,44,0.0,0.0
2024-07-14,RB4,20,0.0,0.0
2024-07-14,FEX,30,0.0,0.0
2024-07-14,S1,590,0.0,0.0
2024-07-14,RB33,33,0.0,0.0
2024-07-14,RB110,42,0.0,0.0
2024-07-14,S62,75,0.0,0.0
2024-07-14,RB12,35,0.0,0.0
2024-07-14,RE12,23,0.0,0.0
